{
  "project_info": {
    "project_number": "187404807826",
    "firebase_url": "https://chatonlineflutter-a3534.firebaseio.com",
    "project_id": "chatonlineflutter-a3534",
    "storage_bucket": "chatonlineflutter-a3534.appspot.com"
  },
  "client": [
    {
      "client_info": {
        "mobilesdk_app_id": "1:187404807826:android:d6284fed74ba08578e404b",
        "android_client_info": {
          "package_name": "br.com.darlansilva.chat_online"
        }
      },
      "oauth_client": [
        {
          "client_id": "187404807826-ere14dfjgmuodjj9of61llsfrs383dmv.apps.googleusercontent.com",
          "client_type": 1,
          "android_info": {
            "package_name": "br.com.darlansilva.chat_online",
            "certificate_hash": "36db57f0cc015f9e6cc7b63b45d7a1a65ae735ff"
          }
        },
        {
          "client_id": "187404807826-utdhridqj42nvcu526jp30slkf4rgjt2.apps.googleusercontent.com",
          "client_type": 3
        }
      ],
      "api_key": [
        {
          "current_key": "AIzaSyC-c9SAVnh4nPKB4Jr10m-MuvuNAY-QiPg"
        }
      ],
      "services": {
        "appinvite_service": {
          "other_platform_oauth_client": [
            {
              "client_id": "187404807826-utdhridqj42nvcu526jp30slkf4rgjt2.apps.googleusercontent.com",
              "client_type": 3
            }
          ]
        }
      }
    }
  ],
  "configuration_version": "1"
}